case name,CO2 price ($/kgCO2),fixed cost natgas ($/kW/h),fixed cost natgas ccs ($/kW/h),fixed cost solar ($/kW/h),fixed cost wind ($/kW/h),fixed cost nuclear ($/kW/h),fixed cost storage (($/h)/kWh),fixed cost pgp storage (($/h)/kWh),var cost natgas ($/kWh),var cost natgas ccs ($/kWh),var cost solar ($/kWh),var cost wind ($/kWh),var cost nuclear ($/kWh),var cost to storage ($/kWh),var cost storage ($/kWh),var cost to pgp storage ($/kWh),var cost pgp storage ($/kWh),var cost unmet demand ($/kWh),storage charging efficiency,storage charging time (h),storage decay rate (1/h),pgp storage charging efficiency,pgp storage decay rate (1/h),mean demand (kW),capacity factor solar series (-),capacity factor wind series (-),capacity natgas (kW),capacity natgas ccs (kW),capacity solar (kW),capacity wind (kW),capacity nuclear (kW),capacity storage (kWh),capacity pgp storage (kWh),capacity to pgp storage (kW),capacity from pgp storage (kW),system cost ($/kW/h),problem status,dispatch natgas (kW),dispatch natgas ccs (kW),dispatch solar (kW),dispatch wind (kW),dispatch nuclear (kW),dispatch to storage (kW),dispatch from storage (kW),energy storage (kWh),dispatch to pgp storage (kW),dispatch pgp storage (kW),energy pgp storage (kWh),dispatch unmet demand (kW),curtailment solar (kW),curtailment wind (kW),curtailment nuclear (kW)
exp3.00,0.0,-1.0,-1.0,-1.0,0.0206,-1.0,-1.0,-1.0,-1.0,-1.0,-1.0,1.05e-08,-1.0,0.0,0.0,0.0,0.0,1000.0,0.9,6.0,1.36e-05,0.3,1.14e-08,1.0,0.0,0.363571204277968,0.0,0.0,0.0,38.08181922414341,0.0,0.0,0.0,0.0,0.0,0.8072362307782387,optimal,0.0,0.0,0.0,0.9999772492557388,0.0,0.0,0.0,0.0,0.0,0.0,0.0,2.2750744261126908e-05,0.0,12.845475627161955,0.0
exp2.95,0.0,-1.0,-1.0,-1.0,0.0206,-1.0,-1.0,-1.0,-1.0,-1.0,-1.0,1.05e-08,-1.0,0.0,0.0,0.0,0.0,891.0,0.9,6.0,1.36e-05,0.3,1.14e-08,1.0,0.0,0.363571204277968,0.0,0.0,0.0,36.45917404626663,0.0,0.0,0.0,0.0,0.0,0.8046434096288373,optimal,0.0,0.0,0.0,0.9999398603661321,0.0,0.0,0.0,0.0,0.0,0.0,0.0,6.013963386799056e-05,0.0,12.255565954615065,0.0
exp2.90,0.0,-1.0,-1.0,-1.0,0.0206,-1.0,-1.0,-1.0,-1.0,-1.0,-1.0,1.05e-08,-1.0,0.0,0.0,0.0,0.0,794.0,0.9,6.0,1.36e-05,0.3,1.14e-08,1.0,0.0,0.363571204277968,0.0,0.0,0.0,36.45917404626663,0.0,0.0,0.0,0.0,0.0,0.7988098651436424,optimal,0.0,0.0,0.0,0.9999398603661321,0.0,0.0,0.0,0.0,0.0,0.0,0.0,6.013963386799056e-05,0.0,12.255565954615065,0.0
exp2.85,0.0,-1.0,-1.0,-1.0,0.0206,-1.0,-1.0,-1.0,-1.0,-1.0,-1.0,1.05e-08,-1.0,0.0,0.0,0.0,0.0,708.0,0.9,6.0,1.36e-05,0.3,1.14e-08,1.0,0.0,0.363571204277968,0.0,0.0,0.0,34.588450570755604,0.0,0.0,0.0,0.0,0.0,0.7904624715345717,optimal,0.0,0.0,0.0,0.9998899147185337,0.0,0.0,0.0,0.0,0.0,0.0,0.0,0.00011008528146633581,0.0,11.575474713400052,0.0
exp2.80,0.0,-1.0,-1.0,-1.0,0.0206,-1.0,-1.0,-1.0,-1.0,-1.0,-1.0,1.05e-08,-1.0,0.0,0.0,0.0,0.0,631.0,0.9,6.0,1.36e-05,0.3,1.14e-08,1.0,0.0,0.363571204277968,0.0,0.0,0.0,33.92777866547759,0.0,0.0,0.0,0.0,0.0,0.7812993716680546,optimal,0.0,0.0,0.0,0.9998694340401577,0.0,0.0,0.0,0.0,0.0,0.0,0.0,0.00013056595984245828,0.0,11.33529391384388,0.0
exp2.75,0.0,-1.0,-1.0,-1.0,0.0206,-1.0,-1.0,-1.0,-1.0,-1.0,-1.0,1.05e-08,-1.0,0.0,0.0,0.0,0.0,562.0,0.9,6.0,1.36e-05,0.3,1.14e-08,1.0,0.0,0.363571204277968,0.0,0.0,0.0,33.64454816892627,0.0,0.0,0.0,0.0,0.0,0.772082675649946,optimal,0.0,0.0,0.0,0.9998594217564564,0.0,0.0,0.0,0.0,0.0,0.0,0.0,0.00014057824354367338,0.0,11.232329473408173,0.0
exp2.70,0.0,-1.0,-1.0,-1.0,0.0206,-1.0,-1.0,-1.0,-1.0,-1.0,-1.0,1.05e-08,-1.0,0.0,0.0,0.0,0.0,501.0,0.9,6.0,1.36e-05,0.3,1.14e-08,1.0,0.0,0.363571204277968,0.0,0.0,0.0,33.25797417750794,0.0,0.0,0.0,0.0,0.0,0.7633256873339149,optimal,0.0,0.0,0.0,0.999843889403635,0.0,0.0,0.0,0.0,0.0,0.0,0.0,0.00015611059636505716,0.0,11.091797834158491,0.0
exp2.65,0.0,-1.0,-1.0,-1.0,0.0206,-1.0,-1.0,-1.0,-1.0,-1.0,-1.0,1.05e-08,-1.0,0.0,0.0,0.0,0.0,447.0,0.9,6.0,1.36e-05,0.3,1.14e-08,1.0,0.0,0.363571204277968,0.0,0.0,0.0,32.93970947320639,0.0,0.0,0.0,0.0,0.0,0.7546572070604727,optimal,0.0,0.0,0.0,0.9998297557462769,0.0,0.0,0.0,0.0,0.0,0.0,0.0,0.00017024425372306895,0.0,10.976100085993764,0.0
exp2.60,0.0,-1.0,-1.0,-1.0,0.0206,-1.0,-1.0,-1.0,-1.0,-1.0,-1.0,1.05e-08,-1.0,0.0,0.0,0.0,0.0,398.0,0.9,6.0,1.36e-05,0.3,1.14e-08,1.0,0.0,0.363571204277968,0.0,0.0,0.0,32.530002279425,0.0,0.0,0.0,0.0,0.0,0.7459220376834226,optimal,0.0,0.0,0.0,0.9998095377381175,0.0,0.0,0.0,0.0,0.0,0.0,0.0,0.00019046226188259086,0.0,10.827162566157476,0.0
exp2.55,0.0,-1.0,-1.0,-1.0,0.0206,-1.0,-1.0,-1.0,-1.0,-1.0,-1.0,1.05e-08,-1.0,0.0,0.0,0.0,0.0,355.0,0.9,6.0,1.36e-05,0.3,1.14e-08,1.0,0.0,0.363571204277968,0.0,0.0,0.0,32.42196144332034,0.0,0.0,0.0,0.0,0.0,0.7375844653964638,optimal,0.0,0.0,0.0,0.9998036843685462,0.0,0.0,0.0,0.0,0.0,0.0,0.0,0.0001963156314538851,0.0,10.787887882633278,0.0
exp2.50,0.0,-1.0,-1.0,-1.0,0.0206,-1.0,-1.0,-1.0,-1.0,-1.0,-1.0,1.05e-08,-1.0,0.0,0.0,0.0,0.0,316.0,0.9,6.0,1.36e-05,0.3,1.14e-08,1.0,0.0,0.363571204277968,0.0,0.0,0.0,31.482068594872235,0.0,0.0,0.0,0.0,0.0,0.7291279123189179,optimal,0.0,0.0,0.0,0.9997449452887115,0.0,0.0,0.0,0.0,0.0,0.0,0.0,0.00025505471128870535,0.0,10.446228646910583,0.0
exp2.45,0.0,-1.0,-1.0,-1.0,0.0206,-1.0,-1.0,-1.0,-1.0,-1.0,-1.0,1.05e-08,-1.0,0.0,0.0,0.0,0.0,282.0,0.9,6.0,1.36e-05,0.3,1.14e-08,1.0,0.0,0.363571204277968,0.0,0.0,0.0,31.230204317163274,0.0,0.0,0.0,0.0,0.0,0.7202613924018734,optimal,0.0,0.0,0.0,0.9997272369752798,0.0,0.0,0.0,0.0,0.0,0.0,0.0,0.0002727630247204866,0.0,10.354675756462768,0.0
exp2.40,0.0,-1.0,-1.0,-1.0,0.0206,-1.0,-1.0,-1.0,-1.0,-1.0,-1.0,1.05e-08,-1.0,0.0,0.0,0.0,0.0,251.0,0.9,6.0,1.36e-05,0.3,1.14e-08,1.0,0.0,0.363571204277968,0.0,0.0,0.0,30.90427827508832,0.0,0.0,0.0,0.0,0.0,0.7113888063982079,optimal,0.0,0.0,0.0,0.9997021487512568,0.0,0.0,0.0,0.0,0.0,0.0,0.0,0.0002978512487431044,0.0,10.23620352106405,0.0
exp2.35,0.0,-1.0,-1.0,-1.0,0.0206,-1.0,-1.0,-1.0,-1.0,-1.0,-1.0,1.05e-08,-1.0,0.0,0.0,0.0,0.0,224.0,0.9,6.0,1.36e-05,0.3,1.14e-08,1.0,0.0,0.363571204277968,0.0,0.0,0.0,29.801873616010973,0.0,0.0,0.0,0.0,0.0,0.7015024198627056,optimal,0.0,0.0,0.0,0.9996090008353706,0.0,0.0,0.0,0.0,0.0,0.0,0.0,0.0003909991646294132,0.0,9.835494079477542,0.0
exp2.30,0.0,-1.0,-1.0,-1.0,0.0206,-1.0,-1.0,-1.0,-1.0,-1.0,-1.0,1.05e-08,-1.0,0.0,0.0,0.0,0.0,200.0,0.9,6.0,1.36e-05,0.3,1.14e-08,1.0,0.0,0.363571204277968,0.0,0.0,0.0,28.437547956322586,0.0,0.0,0.0,0.0,0.0,0.6909301093248145,optimal,0.0,0.0,0.0,0.9994744169453496,0.0,0.0,0.0,0.0,0.0,0.0,0.0,0.0005255830546504342,0.0,9.339599140247321,0.0
exp2.25,0.0,-1.0,-1.0,-1.0,0.0206,-1.0,-1.0,-1.0,-1.0,-1.0,-1.0,1.05e-08,-1.0,0.0,0.0,0.0,0.0,178.0,0.9,6.0,1.36e-05,0.3,1.14e-08,1.0,0.0,0.363571204277968,0.0,0.0,0.0,28.083508444367215,0.0,0.0,0.0,0.0,0.0,0.6791167109820613,optimal,0.0,0.0,0.0,0.9994348515363256,0.0,0.0,0.0,0.0,0.0,0.0,0.0,0.0005651484636743263,0.0,9.210920133932747,0.0
exp2.20,0.0,-1.0,-1.0,-1.0,0.0206,-1.0,-1.0,-1.0,-1.0,-1.0,-1.0,1.05e-08,-1.0,0.0,0.0,0.0,0.0,158.0,0.9,6.0,1.36e-05,0.3,1.14e-08,1.0,0.0,0.363571204277968,0.0,0.0,0.0,27.331624727559923,0.0,0.0,0.0,0.0,0.0,0.6673257382484081,optimal,0.0,0.0,0.0,0.9993399097571671,0.0,0.0,0.0,0.0,0.0,0.0,0.0,0.0006600902428329325,0.0,8.937651807315286,0.0
exp2.15,0.0,-1.0,-1.0,-1.0,0.0206,-1.0,-1.0,-1.0,-1.0,-1.0,-1.0,1.05e-08,-1.0,0.0,0.0,0.0,0.0,141.0,0.9,6.0,1.36e-05,0.3,1.14e-08,1.0,0.0,0.363571204277968,0.0,0.0,0.0,26.981512305791025,0.0,0.0,0.0,0.0,0.0,0.6557928650171017,optimal,0.0,0.0,0.0,0.9992909666593954,0.0,0.0,0.0,0.0,0.0,0.0,0.0,0.0007090333406046121,0.0,8.810409955597862,0.0
exp2.10,0.0,-1.0,-1.0,-1.0,0.0206,-1.0,-1.0,-1.0,-1.0,-1.0,-1.0,1.05e-08,-1.0,0.0,0.0,0.0,0.0,126.0,0.9,6.0,1.36e-05,0.3,1.14e-08,1.0,0.0,0.363571204277968,0.0,0.0,0.0,26.07860715447259,0.0,0.0,0.0,0.0,0.0,0.6437106685088669,optimal,0.0,0.0,0.0,0.9991548305505111,0.0,0.0,0.0,0.0,0.0,0.0,0.0,0.0008451694494889229,0.0,8.48227577849312,0.0
exp2.05,0.0,-1.0,-1.0,-1.0,0.0206,-1.0,-1.0,-1.0,-1.0,-1.0,-1.0,1.05e-08,-1.0,0.0,0.0,0.0,0.0,112.0,0.9,6.0,1.36e-05,0.3,1.14e-08,1.0,0.0,0.363571204277968,0.0,0.0,0.0,24.871453082995835,0.0,0.0,0.0,0.0,0.0,0.6304914486359409,optimal,0.0,0.0,0.0,0.9989451829943098,0.0,0.0,0.0,0.0,0.0,0.0,0.0,0.001054817005690185,0.0,8.043598966533466,0.0
exp2.00,0.0,-1.0,-1.0,-1.0,0.0206,-1.0,-1.0,-1.0,-1.0,-1.0,-1.0,1.05e-08,-1.0,0.0,0.0,0.0,0.0,100.0,0.9,6.0,1.36e-05,0.3,1.14e-08,1.0,0.0,0.363571204277968,0.0,0.0,0.0,24.317657293192934,0.0,0.0,0.0,0.0,0.0,0.6174402431877974,optimal,0.0,0.0,0.0,0.9988350350753975,0.0,0.0,0.0,0.0,0.0,0.0,0.0,0.0011649649246025405,0.0,7.84236491222967,0.0
exp1.95,0.0,-1.0,-1.0,-1.0,0.0206,-1.0,-1.0,-1.0,-1.0,-1.0,-1.0,1.05e-08,-1.0,0.0,0.0,0.0,0.0,89.1,0.9,6.0,1.36e-05,0.3,1.14e-08,1.0,0.0,0.363571204277968,0.0,0.0,0.0,23.373825935305625,0.0,0.0,0.0,0.0,0.0,0.6035161121457515,optimal,0.0,0.0,0.0,0.9986305803884081,0.0,0.0,0.0,0.0,0.0,0.0,0.0,0.0013694196115918462,0.0,7.499419463494262,0.0
exp1.90,0.0,-1.0,-1.0,-1.0,0.0206,-1.0,-1.0,-1.0,-1.0,-1.0,-1.0,1.05e-08,-1.0,0.0,0.0,0.0,0.0,79.4,0.9,6.0,1.36e-05,0.3,1.14e-08,1.0,0.0,0.363571204277968,0.0,0.0,0.0,23.169727686191624,0.0,0.0,0.0,0.0,0.0,0.590035404984991,optimal,0.0,0.0,0.0,0.9985801132976782,0.0,0.0,0.0,0.0,0.0,0.0,0.0,0.001419886702321804,0.0,7.425265684363588,0.0
exp1.85,0.0,-1.0,-1.0,-1.0,0.0206,-1.0,-1.0,-1.0,-1.0,-1.0,-1.0,1.05e-08,-1.0,0.0,0.0,0.0,0.0,70.8,0.9,6.0,1.36e-05,0.3,1.14e-08,1.0,0.0,0.363571204277968,0.0,0.0,0.0,22.116354628985658,0.0,0.0,0.0,0.0,0.0,0.5766950073738325,optimal,0.0,0.0,0.0,0.9982895749783237,0.0,0.0,0.0,0.0,0.0,0.0,0.0,0.0017104250216763654,0.0,7.042580111720605,0.0
exp1.80,0.0,-1.0,-1.0,-1.0,0.0206,-1.0,-1.0,-1.0,-1.0,-1.0,-1.0,1.05e-08,-1.0,0.0,0.0,0.0,0.0,63.1,0.9,6.0,1.36e-05,0.3,1.14e-08,1.0,0.0,0.363571204277968,0.0,0.0,0.0,21.51036230758949,0.0,0.0,0.0,0.0,0.0,0.5628911184575751,optimal,0.0,0.0,0.0,0.9981017805952274,0.0,0.0,0.0,0.0,0.0,0.0,0.0,0.0018982194047727763,0.0,6.822446548030495,0.0
exp1.75,0.0,-1.0,-1.0,-1.0,0.0206,-1.0,-1.0,-1.0,-1.0,-1.0,-1.0,1.05e-08,-1.0,0.0,0.0,0.0,0.0,56.2,0.9,6.0,1.36e-05,0.3,1.14e-08,1.0,0.0,0.363571204277968,0.0,0.0,0.0,21.015706530032638,0.0,0.0,0.0,0.0,0.0,0.5489766560686978,optimal,0.0,0.0,0.0,0.997934998379507,0.0,0.0,0.0,0.0,0.0,0.0,0.0,0.0020650016204930045,0.0,6.642770733496816,0.0
exp1.70,0.0,-1.0,-1.0,-1.0,0.0206,-1.0,-1.0,-1.0,-1.0,-1.0,-1.0,1.05e-08,-1.0,0.0,0.0,0.0,0.0,50.1,0.9,6.0,1.36e-05,0.3,1.14e-08,1.0,0.0,0.363571204277968,0.0,0.0,0.0,20.039302713947777,0.0,0.0,0.0,0.0,0.0,0.5347593021741075,optimal,0.0,0.0,0.0,0.9975658751338855,0.0,0.0,0.0,0.0,0.0,0.0,0.0,0.0024341248661145826,0.0,6.2881475454668605,0.0
exp1.65,0.0,-1.0,-1.0,-1.0,0.0206,-1.0,-1.0,-1.0,-1.0,-1.0,-1.0,1.05e-08,-1.0,0.0,0.0,0.0,0.0,44.7,0.9,6.0,1.36e-05,0.3,1.14e-08,1.0,0.0,0.363571204277968,0.0,0.0,0.0,19.469034139044556,0.0,0.0,0.0,0.0,0.0,0.5209279504264189,optimal,0.0,0.0,0.0,0.9973184376579362,0.0,0.0,0.0,0.0,0.0,0.0,0.0,0.0026815623420639164,0.0,6.081061750403365,0.0
exp1.60,0.0,-1.0,-1.0,-1.0,0.0206,-1.0,-1.0,-1.0,-1.0,-1.0,-1.0,1.05e-08,-1.0,0.0,0.0,0.0,0.0,39.8,0.9,6.0,1.36e-05,0.3,1.14e-08,1.0,0.0,0.363571204277968,0.0,0.0,0.0,18.847045363824094,0.0,0.0,0.0,0.0,0.0,0.5071438937122259,optimal,0.0,0.0,0.0,0.9970126947550549,0.0,0.0,0.0,0.0,0.0,0.0,0.0,0.0029873052449451067,0.0,5.855230285251966,0.0
exp1.55,0.0,-1.0,-1.0,-1.0,0.0206,-1.0,-1.0,-1.0,-1.0,-1.0,-1.0,1.05e-08,-1.0,0.0,0.0,0.0,0.0,35.5,0.9,6.0,1.36e-05,0.3,1.14e-08,1.0,0.0,0.363571204277968,0.0,0.0,0.0,18.299438128373513,0.0,0.0,0.0,0.0,0.0,0.4936351173284406,optimal,0.0,0.0,0.0,0.996713614607931,0.0,0.0,0.0,0.0,0.0,0.0,0.0,0.0032863853920690883,0.0,5.656435143334993,0.0
exp1.50,0.0,-1.0,-1.0,-1.0,0.0206,-1.0,-1.0,-1.0,-1.0,-1.0,-1.0,1.05e-08,-1.0,0.0,0.0,0.0,0.0,31.6,0.9,6.0,1.36e-05,0.3,1.14e-08,1.0,0.0,0.363571204277968,0.0,0.0,0.0,17.97371603096594,0.0,0.0,0.0,0.0,0.0,0.480532264212429,optimal,0.0,0.0,0.0,0.9965103258382542,0.0,0.0,0.0,0.0,0.0,0.0,0.0,0.003489674161745932,0.0,5.538215256890252,0.0
exp1.45,0.0,-1.0,-1.0,-1.0,0.0206,-1.0,-1.0,-1.0,-1.0,-1.0,-1.0,1.05e-08,-1.0,0.0,0.0,0.0,0.0,28.2,0.9,6.0,1.36e-05,0.3,1.14e-08,1.0,0.0,0.363571204277968,0.0,0.0,0.0,17.306419556480833,0.0,0.0,0.0,0.0,0.0,0.4680566687589824,optimal,0.0,0.0,0.0,0.9960445242752833,0.0,0.0,0.0,0.0,0.0,0.0,0.0,0.003955475724716618,0.0,5.29607127561423,0.0
exp1.40,0.0,-1.0,-1.0,-1.0,0.0206,-1.0,-1.0,-1.0,-1.0,-1.0,-1.0,1.05e-08,-1.0,0.0,0.0,0.0,0.0,25.1,0.9,6.0,1.36e-05,0.3,1.14e-08,1.0,0.0,0.363571204277968,0.0,0.0,0.0,16.89054890509767,0.0,0.0,0.0,0.0,0.0,0.45535962673777425,optimal,0.0,0.0,0.0,0.9957205454646337,0.0,0.0,0.0,0.0,0.0,0.0,0.0,0.004279454535366353,0.0,5.145196660877642,0.0
exp1.35,0.0,-1.0,-1.0,-1.0,0.0206,-1.0,-1.0,-1.0,-1.0,-1.0,-1.0,1.05e-08,-1.0,0.0,0.0,0.0,0.0,22.4,0.9,6.0,1.36e-05,0.3,1.14e-08,1.0,0.0,0.363571204277968,0.0,0.0,0.0,16.16333224751536,0.0,0.0,0.0,0.0,0.0,0.4428954652406827,optimal,0.0,0.0,0.0,0.9950923745315449,0.0,0.0,0.0,0.0,0.0,0.0,0.0,0.004907625468455178,0.0,4.88142979584253,0.0
exp1.30,0.0,-1.0,-1.0,-1.0,0.0206,-1.0,-1.0,-1.0,-1.0,-1.0,-1.0,1.05e-08,-1.0,0.0,0.0,0.0,0.0,20.0,0.9,6.0,1.36e-05,0.3,1.14e-08,1.0,0.0,0.363571204277968,0.0,0.0,0.0,15.611905325929186,0.0,0.0,0.0,0.0,0.0,0.43053892596807414,optimal,0.0,0.0,0.0,0.9945533167094439,0.0,0.0,0.0,0.0,0.0,0.0,0.0,0.005446683290556114,0.0,4.681485903712254,0.0
exp1.25,0.0,-1.0,-1.0,-1.0,0.0206,-1.0,-1.0,-1.0,-1.0,-1.0,-1.0,1.05e-08,-1.0,0.0,0.0,0.0,0.0,17.8,0.9,6.0,1.36e-05,0.3,1.14e-08,1.0,0.0,0.363571204277968,0.0,0.0,0.0,15.069560828668795,0.0,0.0,0.0,0.0,0.0,0.4180327213017559,optimal,0.0,0.0,0.0,0.9939550697868174,0.0,0.0,0.0,0.0,0.0,0.0,0.0,0.006044930213182566,0.0,4.484903308632391,0.0
exp1.20,0.0,-1.0,-1.0,-1.0,0.0206,-1.0,-1.0,-1.0,-1.0,-1.0,-1.0,1.05e-08,-1.0,0.0,0.0,0.0,0.0,15.8,0.9,6.0,1.36e-05,0.3,1.14e-08,1.0,0.0,0.363571204277968,0.0,0.0,0.0,14.128949125875984,0.0,0.0,0.0,0.0,0.0,0.40508854571829495,optimal,0.0,0.0,0.0,0.9927827732087955,0.0,0.0,0.0,0.0,0.0,0.0,0.0,0.007217226791204402,0.0,4.144096275668079,0.0
exp1.15,0.0,-1.0,-1.0,-1.0,0.0206,-1.0,-1.0,-1.0,-1.0,-1.0,-1.0,1.05e-08,-1.0,0.0,0.0,0.0,0.0,14.1,0.9,6.0,1.36e-05,0.3,1.14e-08,1.0,0.0,0.363571204277968,0.0,0.0,0.0,13.635079807598794,0.0,0.0,0.0,0.0,0.0,0.39220560894643247,optimal,0.0,0.0,0.0,0.9921047550005108,0.0,0.0,0.0,0.0,0.0,0.0,0.0,0.007895244999489102,0.0,3.965217631074387,0.0
exp1.10,0.0,-1.0,-1.0,-1.0,0.0206,-1.0,-1.0,-1.0,-1.0,-1.0,-1.0,1.05e-08,-1.0,0.0,0.0,0.0,0.0,12.6,0.9,6.0,1.36e-05,0.3,1.14e-08,1.0,0.0,0.363571204277968,0.0,0.0,0.0,13.26963458029022,0.0,0.0,0.0,0.0,0.0,0.37999299518886626,optimal,0.0,0.0,0.0,0.9915366259981148,0.0,0.0,0.0,0.0,0.0,0.0,0.0,0.008463374001885062,0.0,3.8329203986865688,0.0
exp1.05,0.0,-1.0,-1.0,-1.0,0.0206,-1.0,-1.0,-1.0,-1.0,-1.0,-1.0,1.05e-08,-1.0,0.0,0.0,0.0,0.0,11.2,0.9,6.0,1.36e-05,0.3,1.14e-08,1.0,0.0,0.363571204277968,0.0,0.0,0.0,12.891627739508714,0.0,0.0,0.0,0.0,0.0,0.36767965897985866,optimal,0.0,0.0,0.0,0.990882846683776,0.0,0.0,0.0,0.0,0.0,0.0,0.0,0.009117153316223967,0.0,3.696141775672666,0.0
exp1.00,0.0,-1.0,-1.0,-1.0,0.0206,-1.0,-1.0,-1.0,-1.0,-1.0,-1.0,1.05e-08,-1.0,0.0,0.0,0.0,0.0,10.0,0.9,6.0,1.36e-05,0.3,1.14e-08,1.0,0.0,0.363571204277968,0.0,0.0,0.0,12.56994257335955,0.0,0.0,0.0,0.0,0.0,0.35634280634577314,optimal,0.0,0.0,0.0,0.9902598021063161,0.0,0.0,0.0,0.0,0.0,0.0,0.0,0.009740197893683822,0.0,3.579809356994916,0.0
exp0.95,0.0,-1.0,-1.0,-1.0,0.0206,-1.0,-1.0,-1.0,-1.0,-1.0,-1.0,1.05e-08,-1.0,0.0,0.0,0.0,0.0,8.91,0.9,6.0,1.36e-05,0.3,1.14e-08,1.0,0.0,0.363571204277968,0.0,0.0,0.0,12.178324217371461,0.0,0.0,0.0,0.0,0.0,0.3452474537517933,optimal,0.0,0.0,0.0,0.9894080847940341,0.0,0.0,0.0,0.0,0.0,0.0,0.0,0.01059191520596581,0.0,3.4382799170032508,0.0
exp0.90,0.0,-1.0,-1.0,-1.0,0.0206,-1.0,-1.0,-1.0,-1.0,-1.0,-1.0,1.05e-08,-1.0,0.0,0.0,0.0,0.0,7.94,0.9,6.0,1.36e-05,0.3,1.14e-08,1.0,0.0,0.363571204277968,0.0,0.0,0.0,11.707183041507502,0.0,0.0,0.0,0.0,0.0,0.33452231006117633,optimal,0.0,0.0,0.0,0.9882425278300284,0.0,0.0,0.0,0.0,0.0,0.0,0.0,0.011757472169971623,0.0,3.2681521092734584,0.0
exp0.85,0.0,-1.0,-1.0,-1.0,0.0206,-1.0,-1.0,-1.0,-1.0,-1.0,-1.0,1.05e-08,-1.0,0.0,0.0,0.0,0.0,7.08,0.9,6.0,1.36e-05,0.3,1.14e-08,1.0,0.0,0.363571204277968,0.0,0.0,0.0,11.2790913631151,0.0,0.0,0.0,0.0,0.0,0.32391992080170506,optimal,0.0,0.0,0.0,0.9870662954297547,0.0,0.0,0.0,0.0,0.0,0.0,0.0,0.012933704570245314,0.0,3.11368653461923,0.0
exp0.80,0.0,-1.0,-1.0,-1.0,0.0206,-1.0,-1.0,-1.0,-1.0,-1.0,-1.0,1.05e-08,-1.0,0.0,0.0,0.0,0.0,6.31,0.9,6.0,1.36e-05,0.3,1.14e-08,1.0,0.0,0.363571204277968,0.0,0.0,0.0,10.817010715954517,0.0,0.0,0.0,0.0,0.0,0.3134682353724067,optimal,0.0,0.0,0.0,0.9856358471831115,0.0,0.0,0.0,0.0,0.0,0.0,0.0,0.014364152816888555,0.0,2.947117765504158,0.0
exp0.75,0.0,-1.0,-1.0,-1.0,0.0206,-1.0,-1.0,-1.0,-1.0,-1.0,-1.0,1.05e-08,-1.0,0.0,0.0,0.0,0.0,5.62,0.9,6.0,1.36e-05,0.3,1.14e-08,1.0,0.0,0.363571204277968,0.0,0.0,0.0,10.20078124638851,0.0,0.0,0.0,0.0,0.0,0.3027795387999901,optimal,0.0,0.0,0.0,0.9835154030609475,0.0,0.0,0.0,0.0,0.0,0.0,0.0,0.01648459693905234,0.0,2.7251949192646348,0.0
exp0.70,0.0,-1.0,-1.0,-1.0,0.0206,-1.0,-1.0,-1.0,-1.0,-1.0,-1.0,1.05e-08,-1.0,0.0,0.0,0.0,0.0,5.01,0.9,6.0,1.36e-05,0.3,1.14e-08,1.0,0.0,0.363571204277968,0.0,0.0,0.0,9.735924526792676,0.0,0.0,0.0,0.0,0.0,0.292172636311693,optimal,0.0,0.0,0.0,0.9817140557381706,0.0,0.0,0.0,0.0,0.0,0.0,0.0,0.01828594426182944,0.0,2.557987749227249,0.0
exp0.65,0.0,-1.0,-1.0,-1.0,0.0206,-1.0,-1.0,-1.0,-1.0,-1.0,-1.0,1.05e-08,-1.0,0.0,0.0,0.0,0.0,4.47,0.9,6.0,1.36e-05,0.3,1.14e-08,1.0,0.0,0.363571204277968,0.0,0.0,0.0,9.415392398716182,0.0,0.0,0.0,0.0,0.0,0.2819169727536839,optimal,0.0,0.0,0.0,0.9803221747099,0.0,0.0,0.0,0.0,0.0,0.0,0.0,0.01967782529009992,0.0,2.4428433784409687,0.0
exp0.60,0.0,-1.0,-1.0,-1.0,0.0206,-1.0,-1.0,-1.0,-1.0,-1.0,-1.0,1.05e-08,-1.0,0.0,0.0,0.0,0.0,3.98,0.9,6.0,1.36e-05,0.3,1.14e-08,1.0,0.0,0.363571204277968,0.0,0.0,0.0,9.149662291292053,0.0,0.0,0.0,0.0,0.0,0.2719607204688316,optimal,0.0,0.0,0.0,0.9790257118119485,0.0,0.0,0.0,0.0,0.0,0.0,0.0,0.020974288188051395,0.0,2.3475280261698157,0.0
exp0.55,0.0,-1.0,-1.0,-1.0,0.0206,-1.0,-1.0,-1.0,-1.0,-1.0,-1.0,1.05e-08,-1.0,0.0,0.0,0.0,0.0,3.55,0.9,6.0,1.36e-05,0.3,1.14e-08,1.0,0.0,0.363571204277968,0.0,0.0,0.0,8.88107819999748,0.0,0.0,0.0,0.0,0.0,0.26262816324469335,optimal,0.0,0.0,0.0,0.9775555092787573,0.0,0.0,0.0,0.0,0.0,0.0,0.0,0.022444490721242664,0.0,2.251348787181135,0.0
exp0.50,0.0,-1.0,-1.0,-1.0,0.0206,-1.0,-1.0,-1.0,-1.0,-1.0,-1.0,1.05e-08,-1.0,0.0,0.0,0.0,0.0,3.16,0.9,6.0,1.36e-05,0.3,1.14e-08,1.0,0.0,0.363571204277968,0.0,0.0,0.0,8.525138611762687,0.0,0.0,0.0,0.0,0.0,0.2534534520636732,optimal,0.0,0.0,0.0,0.9753684853101289,0.0,0.0,0.0,0.0,0.0,0.0,0.0,0.024631514689871084,0.0,2.1241264264050357,0.0
exp0.45,0.0,-1.0,-1.0,-1.0,0.0206,-1.0,-1.0,-1.0,-1.0,-1.0,-1.0,1.05e-08,-1.0,0.0,0.0,0.0,0.0,2.82,0.9,6.0,1.36e-05,0.3,1.14e-08,1.0,0.0,0.363571204277968,0.0,0.0,0.0,8.273337792218308,0.0,0.0,0.0,0.0,0.0,0.24479028590057506,optimal,0.0,0.0,0.0,0.9736313768944157,0.0,0.0,0.0,0.0,0.0,0.0,0.0,0.02636862310558428,0.0,2.03431600762082,0.0
exp0.40,0.0,-1.0,-1.0,-1.0,0.0206,-1.0,-1.0,-1.0,-1.0,-1.0,-1.0,1.05e-08,-1.0,0.0,0.0,0.0,0.0,2.51,0.9,6.0,1.36e-05,0.3,1.14e-08,1.0,0.0,0.363571204277968,0.0,0.0,0.0,7.927003669850457,0.0,0.0,0.0,0.0,0.0,0.23623123253894857,optimal,0.0,0.0,0.0,0.9709422522927752,0.0,0.0,0.0,0.0,0.0,0.0,0.0,0.02905774770722479,0.0,1.9110880182706274,0.0
exp0.35,0.0,-1.0,-1.0,-1.0,0.0206,-1.0,-1.0,-1.0,-1.0,-1.0,-1.0,1.05e-08,-1.0,0.0,0.0,0.0,0.0,2.24,0.9,6.0,1.36e-05,0.3,1.14e-08,1.0,0.0,0.363571204277968,0.0,0.0,0.0,7.548303536816503,0.0,0.0,0.0,0.0,0.0,0.2279294505342754,optimal,0.0,0.0,0.0,0.9676632198592003,0.0,0.0,0.0,0.0,0.0,0.0,0.0,0.03233678014079974,0.0,1.7766825872768213,0.0
exp0.30,0.0,-1.0,-1.0,-1.0,0.0206,-1.0,-1.0,-1.0,-1.0,-1.0,-1.0,1.05e-08,-1.0,0.0,0.0,0.0,0.0,2.0,0.9,6.0,1.36e-05,0.3,1.14e-08,1.0,0.0,0.363571204277968,0.0,0.0,0.0,7.243694800559794,0.0,0.0,0.0,0.0,0.0,0.2198206078441756,optimal,0.0,0.0,0.0,0.9646997575883516,0.0,0.0,0.0,0.0,0.0,0.0,0.0,0.03530024241164851,0.0,1.6688990844732283,0.0
exp0.25,0.0,-1.0,-1.0,-1.0,0.0206,-1.0,-1.0,-1.0,-1.0,-1.0,-1.0,1.05e-08,-1.0,0.0,0.0,0.0,0.0,1.78,0.9,6.0,1.36e-05,0.3,1.14e-08,1.0,0.0,0.363571204277968,0.0,0.0,0.0,6.915306460026778,0.0,0.0,0.0,0.0,0.0,0.21167648733787844,optimal,0.0,0.0,0.0,0.961111705522666,0.0,0.0,0.0,0.0,0.0,0.0,0.0,0.03888829447733388,0.0,1.5530945921004815,0.0
exp0.20,0.0,-1.0,-1.0,-1.0,0.0206,-1.0,-1.0,-1.0,-1.0,-1.0,-1.0,1.05e-08,-1.0,0.0,0.0,0.0,0.0,1.58,0.9,6.0,1.36e-05,0.3,1.14e-08,1.0,0.0,0.363571204277968,0.0,0.0,0.0,6.682769276077835,0.0,0.0,0.0,0.0,0.0,0.2036465909298946,optimal,0.0,0.0,0.0,0.9582395355815341,0.0,0.0,0.0,0.0,0.0,0.0,0.0,0.04176046441846586,0.0,1.471422938033889,0.0
exp0.15,0.0,-1.0,-1.0,-1.0,0.0206,-1.0,-1.0,-1.0,-1.0,-1.0,-1.0,1.05e-08,-1.0,0.0,0.0,0.0,0.0,1.41,0.9,6.0,1.36e-05,0.3,1.14e-08,1.0,0.0,0.363571204277968,0.0,0.0,0.0,6.398782052197483,0.0,0.0,0.0,0.0,0.0,0.19622292528978694,optimal,0.0,0.0,0.0,0.9543205638339338,0.0,0.0,0.0,0.0,0.0,0.0,0.0,0.04567943616606599,0.0,1.3720923327957526,0.0
exp0.10,0.0,-1.0,-1.0,-1.0,0.0206,-1.0,-1.0,-1.0,-1.0,-1.0,-1.0,1.05e-08,-1.0,0.0,0.0,0.0,0.0,1.26,0.9,6.0,1.36e-05,0.3,1.14e-08,1.0,0.0,0.363571204277968,0.0,0.0,0.0,6.142695794497192,0.0,0.0,0.0,0.0,0.0,0.1890736038265884,optimal,0.0,0.0,0.0,0.9503697932689965,0.0,0.0,0.0,0.0,0.0,0.0,0.0,0.0496302067310035,0.0,1.2829375142495574,0.0
exp0.05,0.0,-1.0,-1.0,-1.0,0.0206,-1.0,-1.0,-1.0,-1.0,-1.0,-1.0,1.05e-08,-1.0,0.0,0.0,0.0,0.0,1.12,0.9,6.0,1.36e-05,0.3,1.14e-08,1.0,0.0,0.363571204277968,0.0,0.0,0.0,5.940471608887409,0.0,0.0,0.0,0.0,0.0,0.18191408561943245,optimal,0.0,0.0,0.0,0.9468389638084438,0.0,0.0,0.0,0.0,0.0,0.0,0.0,0.053161036191556064,0.0,1.2129454530138302,0.0
exp0.00,0.0,-1.0,-1.0,-1.0,0.0206,-1.0,-1.0,-1.0,-1.0,-1.0,-1.0,1.05e-08,-1.0,0.0,0.0,0.0,0.0,1.0,0.9,6.0,1.36e-05,0.3,1.14e-08,1.0,0.0,0.363571204277968,0.0,0.0,0.0,5.69948810679746,0.0,0.0,0.0,0.0,0.0,0.1752476601817263,optimal,0.0,0.0,0.0,0.9421618047109994,0.0,0.0,0.0,0.0,0.0,0.0,0.0,0.05783819528900043,0.0,1.1300079500453093,0.0
exp-0.05,0.0,-1.0,-1.0,-1.0,0.0206,-1.0,-1.0,-1.0,-1.0,-1.0,-1.0,1.05e-08,-1.0,0.0,0.0,0.0,0.0,0.891,0.9,6.0,1.36e-05,0.3,1.14e-08,1.0,0.0,0.363571204277968,0.0,0.0,0.0,5.441000225143985,0.0,0.0,0.0,0.0,0.0,0.16864178746630892,optimal,0.0,0.0,0.0,0.9365239360327255,0.0,0.0,0.0,0.0,0.0,0.0,0.0,0.06347606396727451,0.0,1.0416670682995686,0.0
exp-0.10,0.0,-1.0,-1.0,-1.0,0.0206,-1.0,-1.0,-1.0,-1.0,-1.0,-1.0,1.05e-08,-1.0,0.0,0.0,0.0,0.0,0.794,0.9,6.0,1.36e-05,0.3,1.14e-08,1.0,0.0,0.363571204277968,0.0,0.0,0.0,5.260202194959063,0.0,0.0,0.0,0.0,0.0,0.1622859693443616,optimal,0.0,0.0,0.0,0.9320833824416503,0.0,0.0,0.0,0.0,0.0,0.0,0.0,0.06791661755834966,0.0,0.980374664325227,0.0
exp-0.15,0.0,-1.0,-1.0,-1.0,0.0206,-1.0,-1.0,-1.0,-1.0,-1.0,-1.0,1.05e-08,-1.0,0.0,0.0,0.0,0.0,0.708,0.9,6.0,1.36e-05,0.3,1.14e-08,1.0,0.0,0.363571204277968,0.0,0.0,0.0,5.034949839833735,0.0,0.0,0.0,0.0,0.0,0.1561894658015996,optimal,0.0,0.0,0.0,0.9258905517243295,0.0,0.0,0.0,0.0,0.0,0.0,0.0,0.07410944827567054,0.0,0.9046722250231839,0.0
exp-0.20,0.0,-1.0,-1.0,-1.0,0.0206,-1.0,-1.0,-1.0,-1.0,-1.0,-1.0,1.05e-08,-1.0,0.0,0.0,0.0,0.0,0.631,0.9,6.0,1.36e-05,0.3,1.14e-08,1.0,0.0,0.363571204277968,0.0,0.0,0.0,4.82746375960482,0.0,0.0,0.0,0.0,0.0,0.15024350867165695,optimal,0.0,0.0,0.0,0.9194964412534289,0.0,0.0,0.0,0.0,0.0,0.0,0.0,0.080503558746571,0.0,0.8356303714343425,0.0
exp-0.25,0.0,-1.0,-1.0,-1.0,0.0206,-1.0,-1.0,-1.0,-1.0,-1.0,-1.0,1.05e-08,-1.0,0.0,0.0,0.0,0.0,0.562,0.9,6.0,1.36e-05,0.3,1.14e-08,1.0,0.0,0.363571204277968,0.0,0.0,0.0,4.595966300882573,0.0,0.0,0.0,0.0,0.0,0.14442013073828158,optimal,0.0,0.0,0.0,0.9114889406237244,0.0,0.0,0.0,0.0,0.0,0.0,0.0,0.08851105937627556,0.0,0.7594720622091107,0.0
exp-0.30,0.0,-1.0,-1.0,-1.0,0.0206,-1.0,-1.0,-1.0,-1.0,-1.0,-1.0,1.05e-08,-1.0,0.0,0.0,0.0,0.0,0.501,0.9,6.0,1.36e-05,0.3,1.14e-08,1.0,0.0,0.363571204277968,0.0,0.0,0.0,4.386847888637667,0.0,0.0,0.0,0.0,0.0,0.1387861025755956,optimal,0.0,0.0,0.0,0.9033592283744734,0.0,0.0,0.0,0.0,0.0,0.0,0.0,0.09664077162552673,0.0,0.6915723414817847,0.0
exp-0.35,0.0,-1.0,-1.0,-1.0,0.0206,-1.0,-1.0,-1.0,-1.0,-1.0,-1.0,1.05e-08,-1.0,0.0,0.0,0.0,0.0,0.447,0.9,6.0,1.36e-05,0.3,1.14e-08,1.0,0.0,0.363571204277968,0.0,0.0,0.0,4.170797272969427,0.0,0.0,0.0,0.0,0.0,0.13332971446128,optimal,0.0,0.0,0.0,0.8939344938438523,0.0,0.0,0.0,0.0,0.0,0.0,0.0,0.10606550615614771,0.0,0.6224472934889073,0.0
exp-0.40,0.0,-1.0,-1.0,-1.0,0.0206,-1.0,-1.0,-1.0,-1.0,-1.0,-1.0,1.05e-08,-1.0,0.0,0.0,0.0,0.0,0.398,0.9,6.0,1.36e-05,0.3,1.14e-08,1.0,0.0,0.363571204277968,0.0,0.0,0.0,3.977892522182611,0.0,0.0,0.0,0.0,0.0,0.12788747201894549,optimal,0.0,0.0,0.0,0.8845656362461185,0.0,0.0,0.0,0.0,0.0,0.0,0.0,0.11543436375388151,0.0,0.5616815385321371,0.0
exp-0.45,0.0,-1.0,-1.0,-1.0,0.0206,-1.0,-1.0,-1.0,-1.0,-1.0,-1.0,1.05e-08,-1.0,0.0,0.0,0.0,0.0,0.355,0.9,6.0,1.36e-05,0.3,1.14e-08,1.0,0.0,0.363571204277968,0.0,0.0,0.0,3.794449367224463,0.0,0.0,0.0,0.0,0.0,0.12271664805815952,optimal,0.0,0.0,0.0,0.8745042763069258,0.0,0.0,0.0,0.0,0.0,0.0,0.0,0.12549572369307416,0.0,0.505048249706646,0.0
exp-0.50,0.0,-1.0,-1.0,-1.0,0.0206,-1.0,-1.0,-1.0,-1.0,-1.0,-1.0,1.05e-08,-1.0,0.0,0.0,0.0,0.0,0.316,0.9,6.0,1.36e-05,0.3,1.14e-08,1.0,0.0,0.363571204277968,0.0,0.0,0.0,3.6001969982113486,0.0,0.0,0.0,0.0,0.0,0.1176153175390111,optimal,0.0,0.0,0.0,0.8624960432922525,0.0,0.0,0.0,0.0,0.0,0.0,0.0,0.13750395670774748,0.0,0.4464319149853731,0.0
exp-0.55,0.0,-1.0,-1.0,-1.0,0.0206,-1.0,-1.0,-1.0,-1.0,-1.0,-1.0,1.05e-08,-1.0,0.0,0.0,0.0,0.0,0.282,0.9,6.0,1.36e-05,0.3,1.14e-08,1.0,0.0,0.363571204277968,0.0,0.0,0.0,3.428998089495343,0.0,0.0,0.0,0.0,0.0,0.11273883312726726,optimal,0.0,0.0,0.0,0.8507040299600326,0.0,0.0,0.0,0.0,0.0,0.0,0.0,0.14929597003996756,0.0,0.3959809349046411,0.0
exp-0.60,0.0,-1.0,-1.0,-1.0,0.0206,-1.0,-1.0,-1.0,-1.0,-1.0,-1.0,1.05e-08,-1.0,0.0,0.0,0.0,0.0,0.251,0.9,6.0,1.36e-05,0.3,1.14e-08,1.0,0.0,0.363571204277968,0.0,0.0,0.0,3.258395729358007,0.0,0.0,0.0,0.0,0.0,0.10792052991923647,optimal,0.0,0.0,0.0,0.8374598840592334,0.0,0.0,0.0,0.0,0.0,0.0,0.0,0.16254011594076664,0.0,0.34719897527764526,0.0
exp-0.65,0.0,-1.0,-1.0,-1.0,0.0206,-1.0,-1.0,-1.0,-1.0,-1.0,-1.0,1.05e-08,-1.0,0.0,0.0,0.0,0.0,0.224,0.9,6.0,1.36e-05,0.3,1.14e-08,1.0,0.0,0.363571204277968,0.0,0.0,0.0,3.106932401736893,0.0,0.0,0.0,0.0,0.0,0.10335832506094597,optimal,0.0,0.0,0.0,0.8243057637055596,0.0,0.0,0.0,0.0,0.0,0.0,0.0,0.17569423629444034,0.0,0.30528539120416215,0.0
exp-0.70,0.0,-1.0,-1.0,-1.0,0.0206,-1.0,-1.0,-1.0,-1.0,-1.0,-1.0,1.05e-08,-1.0,0.0,0.0,0.0,0.0,0.2,0.9,6.0,1.36e-05,0.3,1.14e-08,1.0,0.0,0.363571204277968,0.0,0.0,0.0,2.93322622005416,0.0,0.0,0.0,0.0,0.0,0.09894878948920328,optimal,0.0,0.0,0.0,0.8073783956069258,0.0,0.0,0.0,0.0,0.0,0.0,0.0,0.19262160439307421,0.0,0.2590581936378773,0.0
exp-0.75,0.0,-1.0,-1.0,-1.0,0.0206,-1.0,-1.0,-1.0,-1.0,-1.0,-1.0,1.05e-08,-1.0,0.0,0.0,0.0,0.0,0.178,0.9,6.0,1.36e-05,0.3,1.14e-08,1.0,0.0,0.363571204277968,0.0,0.0,0.0,2.776645201539458,0.0,0.0,0.0,0.0,0.0,0.09454141449108615,optimal,0.0,0.0,0.0,0.7902105896507708,0.0,0.0,0.0,0.0,0.0,0.0,0.0,0.2097894103492291,0.0,0.2192976501255711,0.0
exp-0.80,0.0,-1.0,-1.0,-1.0,0.0206,-1.0,-1.0,-1.0,-1.0,-1.0,-1.0,1.05e-08,-1.0,0.0,0.0,0.0,0.0,0.158,0.9,6.0,1.36e-05,0.3,1.14e-08,1.0,0.0,0.363571204277968,0.0,0.0,0.0,2.594530530590325,0.0,0.0,0.0,0.0,0.0,0.09012972177111132,optimal,0.0,0.0,0.0,0.7678330077297227,0.0,0.0,0.0,0.0,0.0,0.0,0.0,0.2321669922702772,0.0,0.17546358181295704,0.0
exp-0.85,0.0,-1.0,-1.0,-1.0,0.0206,-1.0,-1.0,-1.0,-1.0,-1.0,-1.0,1.05e-08,-1.0,0.0,0.0,0.0,0.0,0.141,0.9,6.0,1.36e-05,0.3,1.14e-08,1.0,0.0,0.363571204277968,0.0,0.0,0.0,2.4616231128786845,0.0,0.0,0.0,0.0,0.0,0.08604094441189074,optimal,0.0,0.0,0.0,0.7494219828534795,0.0,0.0,0.0,0.0,0.0,0.0,0.0,0.2505780171465205,0.0,0.14555329677430429,0.0
exp-0.90,0.0,-1.0,-1.0,-1.0,0.0206,-1.0,-1.0,-1.0,-1.0,-1.0,-1.0,1.05e-08,-1.0,0.0,0.0,0.0,0.0,0.126,0.9,6.0,1.36e-05,0.3,1.14e-08,1.0,0.0,0.363571204277968,0.0,0.0,0.0,2.322049777434186,0.0,0.0,0.0,0.0,0.0,0.08211952864580606,optimal,0.0,0.0,0.0,0.7278944794621417,0.0,0.0,0.0,0.0,0.0,0.0,0.0,0.27210552053785825,0.0,0.11633595451299296,0.0
exp-0.95,0.0,-1.0,-1.0,-1.0,0.0206,-1.0,-1.0,-1.0,-1.0,-1.0,-1.0,1.05e-08,-1.0,0.0,0.0,0.0,0.0,0.112,0.9,6.0,1.36e-05,0.3,1.14e-08,1.0,0.0,0.363571204277968,0.0,0.0,0.0,2.186546521973181,0.0,0.0,0.0,0.0,0.0,0.07815667382771062,optimal,0.0,0.0,0.0,0.7043409992903366,0.0,0.0,0.0,0.0,0.0,0.0,0.0,0.2956590007096634,0.0,0.09062435291325532,0.0
exp-1.00,0.0,-1.0,-1.0,-1.0,0.0206,-1.0,-1.0,-1.0,-1.0,-1.0,-1.0,1.05e-08,-1.0,0.0,0.0,0.0,0.0,0.1,0.9,6.0,1.36e-05,0.3,1.14e-08,1.0,0.0,0.363571204277968,0.0,0.0,0.0,2.0630553565472516,0.0,0.0,0.0,0.0,0.0,0.0744661917858545,optimal,0.0,0.0,0.0,0.6803275570245841,0.0,0.0,0.0,0.0,0.0,0.0,0.0,0.3196724429754158,0.0,0.06973996344741282,0.0
exp-1.05,0.0,-1.0,-1.0,-1.0,0.0206,-1.0,-1.0,-1.0,-1.0,-1.0,-1.0,1.05e-08,-1.0,0.0,0.0,0.0,0.0,0.0891,0.9,6.0,1.36e-05,0.3,1.14e-08,1.0,0.0,0.363571204277968,0.0,0.0,0.0,1.9151785088652729,0.0,0.0,0.0,0.0,0.0,0.07080778280930583,optimal,0.0,0.0,0.0,0.6480909234374153,0.0,0.0,0.0,0.0,0.0,0.0,0.0,0.3519090765625847,0.0,0.04821283343801505,0.0
exp-1.10,0.0,-1.0,-1.0,-1.0,0.0206,-1.0,-1.0,-1.0,-1.0,-1.0,-1.0,1.05e-08,-1.0,0.0,0.0,0.0,0.0,0.0794,0.9,6.0,1.36e-05,0.3,1.14e-08,1.0,0.0,0.363571204277968,0.0,0.0,0.0,1.7711835625477679,0.0,0.0,0.0,0.0,0.0,0.06723208874550184,optimal,0.0,0.0,0.0,0.612774547570713,0.0,0.0,0.0,0.0,0.0,0.0,0.0,0.3872254524292871,0.0,0.0311767932621208,0.0
exp-1.15,0.0,-1.0,-1.0,-1.0,0.0206,-1.0,-1.0,-1.0,-1.0,-1.0,-1.0,1.05e-08,-1.0,0.0,0.0,0.0,0.0,0.0708,0.9,6.0,1.36e-05,0.3,1.14e-08,1.0,0.0,0.363571204277968,0.0,0.0,0.0,1.5935297762223,0.0,0.0,0.0,0.0,0.0,0.06370072601448563,optimal,0.0,0.0,0.0,0.5639264589960703,0.0,0.0,0.0,0.0,0.0,0.0,0.0,0.43607354100392964,0.0,0.015435080797872211,0.0
exp-1.20,0.0,-1.0,-1.0,-1.0,0.0206,-1.0,-1.0,-1.0,-1.0,-1.0,-1.0,1.05e-08,-1.0,0.0,0.0,0.0,0.0,0.0631,0.9,6.0,1.36e-05,0.3,1.14e-08,1.0,0.0,0.363571204277968,0.0,0.0,0.0,1.4090051423220527,0.0,0.0,0.0,0.0,0.0,0.06014017552841249,optimal,0.0,0.0,0.0,0.5068991398710347,0.0,0.0,0.0,0.0,0.0,0.0,0.0,0.49310086012896526,0.0,0.005374556556843759,0.0
exp-1.25,0.0,-1.0,-1.0,-1.0,0.0206,-1.0,-1.0,-1.0,-1.0,-1.0,-1.0,1.05e-08,-1.0,0.0,0.0,0.0,0.0,0.0562,0.9,6.0,1.36e-05,0.3,1.14e-08,1.0,0.0,0.363571204277968,0.0,0.0,0.0,0.0,0.0,0.0,0.0,0.0,0.0,0.05620000000000013,optimal,0.0,0.0,0.0,0.0,0.0,0.0,0.0,0.0,0.0,0.0,0.0,1.0,0.0,0.0,0.0
exp-1.30,0.0,-1.0,-1.0,-1.0,0.0206,-1.0,-1.0,-1.0,-1.0,-1.0,-1.0,1.05e-08,-1.0,0.0,0.0,0.0,0.0,0.0501,0.9,6.0,1.36e-05,0.3,1.14e-08,1.0,0.0,0.363571204277968,0.0,0.0,0.0,0.0,0.0,0.0,0.0,0.0,0.0,0.0501000000000001,optimal,0.0,0.0,0.0,0.0,0.0,0.0,0.0,0.0,0.0,0.0,0.0,1.0,0.0,0.0,0.0
exp-1.35,0.0,-1.0,-1.0,-1.0,0.0206,-1.0,-1.0,-1.0,-1.0,-1.0,-1.0,1.05e-08,-1.0,0.0,0.0,0.0,0.0,0.0447,0.9,6.0,1.36e-05,0.3,1.14e-08,1.0,0.0,0.363571204277968,0.0,0.0,0.0,0.0,0.0,0.0,0.0,0.0,0.0,0.0447,optimal,0.0,0.0,0.0,0.0,0.0,0.0,0.0,0.0,0.0,0.0,0.0,1.0,0.0,0.0,0.0
exp-1.40,0.0,-1.0,-1.0,-1.0,0.0206,-1.0,-1.0,-1.0,-1.0,-1.0,-1.0,1.05e-08,-1.0,0.0,0.0,0.0,0.0,0.0398,0.9,6.0,1.36e-05,0.3,1.14e-08,1.0,0.0,0.363571204277968,0.0,0.0,0.0,0.0,0.0,0.0,0.0,0.0,0.0,0.039799999999999953,optimal,0.0,0.0,0.0,0.0,0.0,0.0,0.0,0.0,0.0,0.0,0.0,1.0,0.0,0.0,0.0
exp-1.45,0.0,-1.0,-1.0,-1.0,0.0206,-1.0,-1.0,-1.0,-1.0,-1.0,-1.0,1.05e-08,-1.0,0.0,0.0,0.0,0.0,0.0355,0.9,6.0,1.36e-05,0.3,1.14e-08,1.0,0.0,0.363571204277968,0.0,0.0,0.0,0.0,0.0,0.0,0.0,0.0,0.0,0.03549999999999985,optimal,0.0,0.0,0.0,0.0,0.0,0.0,0.0,0.0,0.0,0.0,0.0,1.0,0.0,0.0,0.0
exp-1.50,0.0,-1.0,-1.0,-1.0,0.0206,-1.0,-1.0,-1.0,-1.0,-1.0,-1.0,1.05e-08,-1.0,0.0,0.0,0.0,0.0,0.0316,0.9,6.0,1.36e-05,0.3,1.14e-08,1.0,0.0,0.363571204277968,0.0,0.0,0.0,0.0,0.0,0.0,0.0,0.0,0.0,0.03159999999999996,optimal,0.0,0.0,0.0,0.0,0.0,0.0,0.0,0.0,0.0,0.0,0.0,1.0,0.0,0.0,0.0
exp-1.55,0.0,-1.0,-1.0,-1.0,0.0206,-1.0,-1.0,-1.0,-1.0,-1.0,-1.0,1.05e-08,-1.0,0.0,0.0,0.0,0.0,0.0282,0.9,6.0,1.36e-05,0.3,1.14e-08,1.0,0.0,0.363571204277968,0.0,0.0,0.0,0.0,0.0,0.0,0.0,0.0,0.0,0.02820000000000013,optimal,0.0,0.0,0.0,0.0,0.0,0.0,0.0,0.0,0.0,0.0,0.0,1.0,0.0,0.0,0.0
exp-1.60,0.0,-1.0,-1.0,-1.0,0.0206,-1.0,-1.0,-1.0,-1.0,-1.0,-1.0,1.05e-08,-1.0,0.0,0.0,0.0,0.0,0.0251,0.9,6.0,1.36e-05,0.3,1.14e-08,1.0,0.0,0.363571204277968,0.0,0.0,0.0,0.0,0.0,0.0,0.0,0.0,0.0,0.02509999999999993,optimal,0.0,0.0,0.0,0.0,0.0,0.0,0.0,0.0,0.0,0.0,0.0,1.0,0.0,0.0,0.0
exp-1.65,0.0,-1.0,-1.0,-1.0,0.0206,-1.0,-1.0,-1.0,-1.0,-1.0,-1.0,1.05e-08,-1.0,0.0,0.0,0.0,0.0,0.0224,0.9,6.0,1.36e-05,0.3,1.14e-08,1.0,0.0,0.363571204277968,0.0,0.0,0.0,0.0,0.0,0.0,0.0,0.0,0.0,0.0224000000000001,optimal,0.0,0.0,0.0,0.0,0.0,0.0,0.0,0.0,0.0,0.0,0.0,1.0,0.0,0.0,0.0
exp-1.70,0.0,-1.0,-1.0,-1.0,0.0206,-1.0,-1.0,-1.0,-1.0,-1.0,-1.0,1.05e-08,-1.0,0.0,0.0,0.0,0.0,0.02,0.9,6.0,1.36e-05,0.3,1.14e-08,1.0,0.0,0.363571204277968,0.0,0.0,0.0,0.0,0.0,0.0,0.0,0.0,0.0,0.019999999999999914,optimal,0.0,0.0,0.0,0.0,0.0,0.0,0.0,0.0,0.0,0.0,0.0,1.0,0.0,0.0,0.0
exp-1.75,0.0,-1.0,-1.0,-1.0,0.0206,-1.0,-1.0,-1.0,-1.0,-1.0,-1.0,1.05e-08,-1.0,0.0,0.0,0.0,0.0,0.0178,0.9,6.0,1.36e-05,0.3,1.14e-08,1.0,0.0,0.363571204277968,0.0,0.0,0.0,0.0,0.0,0.0,0.0,0.0,0.0,0.017799999999999996,optimal,0.0,0.0,0.0,0.0,0.0,0.0,0.0,0.0,0.0,0.0,0.0,1.0,0.0,0.0,0.0
exp-1.80,0.0,-1.0,-1.0,-1.0,0.0206,-1.0,-1.0,-1.0,-1.0,-1.0,-1.0,1.05e-08,-1.0,0.0,0.0,0.0,0.0,0.0158,0.9,6.0,1.36e-05,0.3,1.14e-08,1.0,0.0,0.363571204277968,0.0,0.0,0.0,0.0,0.0,0.0,0.0,0.0,0.0,0.01579999999999998,optimal,0.0,0.0,0.0,0.0,0.0,0.0,0.0,0.0,0.0,0.0,0.0,1.0,0.0,0.0,0.0
exp-1.85,0.0,-1.0,-1.0,-1.0,0.0206,-1.0,-1.0,-1.0,-1.0,-1.0,-1.0,1.05e-08,-1.0,0.0,0.0,0.0,0.0,0.0141,0.9,6.0,1.36e-05,0.3,1.14e-08,1.0,0.0,0.363571204277968,0.0,0.0,0.0,0.0,0.0,0.0,0.0,0.0,0.0,0.014100000000000066,optimal,0.0,0.0,0.0,0.0,0.0,0.0,0.0,0.0,0.0,0.0,0.0,1.0,0.0,0.0,0.0
exp-1.90,0.0,-1.0,-1.0,-1.0,0.0206,-1.0,-1.0,-1.0,-1.0,-1.0,-1.0,1.05e-08,-1.0,0.0,0.0,0.0,0.0,0.0126,0.9,6.0,1.36e-05,0.3,1.14e-08,1.0,0.0,0.363571204277968,0.0,0.0,0.0,0.0,0.0,0.0,0.0,0.0,0.0,0.012599999999999997,optimal,0.0,0.0,0.0,0.0,0.0,0.0,0.0,0.0,0.0,0.0,0.0,1.0,0.0,0.0,0.0
exp-1.95,0.0,-1.0,-1.0,-1.0,0.0206,-1.0,-1.0,-1.0,-1.0,-1.0,-1.0,1.05e-08,-1.0,0.0,0.0,0.0,0.0,0.0112,0.9,6.0,1.36e-05,0.3,1.14e-08,1.0,0.0,0.363571204277968,0.0,0.0,0.0,0.0,0.0,0.0,0.0,0.0,0.0,0.01120000000000005,optimal,0.0,0.0,0.0,0.0,0.0,0.0,0.0,0.0,0.0,0.0,0.0,1.0,0.0,0.0,0.0
exp-2.00,0.0,-1.0,-1.0,-1.0,0.0206,-1.0,-1.0,-1.0,-1.0,-1.0,-1.0,1.05e-08,-1.0,0.0,0.0,0.0,0.0,0.01,0.9,6.0,1.36e-05,0.3,1.14e-08,1.0,0.0,0.363571204277968,0.0,0.0,0.0,0.0,0.0,0.0,0.0,0.0,0.0,0.009999999999999957,optimal,0.0,0.0,0.0,0.0,0.0,0.0,0.0,0.0,0.0,0.0,0.0,1.0,0.0,0.0,0.0
